Channel,Coefficient
TV_Spend,1.445100615405623
Radio_Spend,3.414540941780842
SocialMedia_Spend,0.6962206091311471
SearchAds_Spend,2.6743482650198667
Influencer_Spend,0.20231891582208017
